原图路径,缩略图路径,分类层级,图片标题,描述信息
场景/2021芜湖科博会.png,场景/2021芜湖科博会.png,场景,2021芜湖科博会,场景/2021芜湖科博会.png
场景/2021芜湖科博会轻轨.jpg,场景/2021芜湖科博会轻轨.jpg,场景,2021芜湖科博会轻轨,场景/2021芜湖科博会轻轨.jpg
场景/2021芜湖科博会轻轨maya.jpg,场景/2021芜湖科博会轻轨maya.jpg,场景,2021芜湖科博会轻轨Maya,场景/2021芜湖科博会轻轨maya.jpg
场景/2022长三角02.png,场景/2022长三角02.png,场景,2022长三角02,场景/2022长三角02.png
场景/2022首届长三角.png,场景/2022首届长三角.png,场景,2022首届长三角,场景/2022首届长三角.png
场景/C1深海电梯.RGB_color.0137.png,场景/C1深海电梯.RGB_color.0137.png,场景,C1深海电梯.Rgb Color.0137,场景/C1深海电梯.RGB_color.0137.png
场景/cam01.0000.jpg,场景/cam01.0000.jpg,场景,Cam01.0000,场景/cam01.0000.jpg
场景/Desktop.png,场景/Desktop.png,场景,Desktop,场景/Desktop.png
场景/Desktop_007.png,场景/Desktop_007.png,场景,Desktop 007,场景/Desktop_007.png
场景/Desktop_009.png,场景/Desktop_009.png,场景,Desktop 009,场景/Desktop_009.png
场景/Dingtalk_20240814154828.jpg,场景/Dingtalk_20240814154828.jpg,场景,Dingtalk 20240814154828,场景/Dingtalk_20240814154828.jpg
场景/Dingtalk_20240819135339.jpg,场景/Dingtalk_20240819135339.jpg,场景,Dingtalk 20240819135339,场景/Dingtalk_20240819135339.jpg
场景/fxwl_bjb05.png,场景/fxwl_bjb05.png,场景,Fxwl Bjb05,场景/fxwl_bjb05.png
场景/gongyuana.jpg,场景/gongyuana.jpg,场景,Gongyuana,场景/gongyuana.jpg
场景/luoyan.png,场景/luoyan.png,场景,Luoyan,场景/luoyan.png
场景/luyang02.png,场景/luyang02.png,场景,Luyang02,场景/luyang02.png
场景/maxtest01.png,场景/maxtest01.png,场景,Maxtest01,场景/maxtest01.png
场景/mobiwusi.png,场景/mobiwusi.png,场景,Mobiwusi,场景/mobiwusi.png
场景/mobiwusi02.png,场景/mobiwusi02.png,场景,Mobiwusi02,场景/mobiwusi02.png
场景/mobiwusi03.png,场景/mobiwusi03.png,场景,Mobiwusi03,场景/mobiwusi03.png
场景/sgx_mx_tb_Camera 2_FullQuality.png,场景/sgx_mx_tb_Camera 2_FullQuality.png,场景,Sgx Mx Tb Camera 2 Fullquality,场景/sgx_mx_tb_Camera 2_FullQuality.png
场景/sgx_mx_tb_Camera 6_FullQuality.png,场景/sgx_mx_tb_Camera 6_FullQuality.png,场景,Sgx Mx Tb Camera 6 Fullquality,场景/sgx_mx_tb_Camera 6_FullQuality.png
场景/sgx_mx_tb_Main Camera_FullQuality.png,场景/sgx_mx_tb_Main Camera_FullQuality.png,场景,Sgx Mx Tb Main Camera Fullquality,场景/sgx_mx_tb_Main Camera_FullQuality.png
场景/tbrender_009.png,场景/tbrender_009.png,场景,Tbrender 009,场景/tbrender_009.png
场景/伊金霍洛旗科技馆_氢能重卡组装裸眼.png,场景/伊金霍洛旗科技馆_氢能重卡组装裸眼.png,场景,伊金霍洛旗科技馆 氢能重卡组装裸眼,场景/伊金霍洛旗科技馆_氢能重卡组装裸眼.png
场景/伊金霍洛旗科技馆_氢能重卡组装裸眼02.png,场景/伊金霍洛旗科技馆_氢能重卡组装裸眼02.png,场景,伊金霍洛旗科技馆 氢能重卡组装裸眼02,场景/伊金霍洛旗科技馆_氢能重卡组装裸眼02.png
场景/伊金霍洛旗科技馆_氢能重卡组装裸眼03.png,场景/伊金霍洛旗科技馆_氢能重卡组装裸眼03.png,场景,伊金霍洛旗科技馆 氢能重卡组装裸眼03,场景/伊金霍洛旗科技馆_氢能重卡组装裸眼03.png
场景/伊金霍洛旗科技馆_氢能重卡组装裸眼maya.jpg,场景/伊金霍洛旗科技馆_氢能重卡组装裸眼maya.jpg,场景,伊金霍洛旗科技馆 氢能重卡组装裸眼Maya,场景/伊金霍洛旗科技馆_氢能重卡组装裸眼maya.jpg
场景/卡通房子01.png,场景/卡通房子01.png,场景,卡通房子01,场景/卡通房子01.png
场景/卡通房子02.png,场景/卡通房子02.png,场景,卡通房子02,场景/卡通房子02.png
场景/卡通房子03.jpg,场景/卡通房子03.jpg,场景,卡通房子03,场景/卡通房子03.jpg
场景/安徽省科技馆大厅裸眼01.png,场景/安徽省科技馆大厅裸眼01.png,场景,安徽省科技馆大厅裸眼01,场景/安徽省科技馆大厅裸眼01.png
场景/安徽省科技馆大厅裸眼02.png,场景/安徽省科技馆大厅裸眼02.png,场景,安徽省科技馆大厅裸眼02,场景/安徽省科技馆大厅裸眼02.png
场景/安徽省科技馆大厅裸眼03.jpg,场景/安徽省科技馆大厅裸眼03.jpg,场景,安徽省科技馆大厅裸眼03,场景/安徽省科技馆大厅裸眼03.jpg
场景/安徽省科技馆太空.jpg,场景/安徽省科技馆太空.jpg,场景,安徽省科技馆太空,场景/安徽省科技馆太空.jpg
场景/振风塔.jpg,场景/振风塔.jpg,场景,振风塔,场景/振风塔.jpg
场景/界首市政府.jpg,场景/界首市政府.jpg,场景,界首市政府,场景/界首市政府.jpg
场景/真武阁.png,场景/真武阁.png,场景,真武阁,场景/真武阁.png
场景/贵州科技馆_智慧城市_裸眼3d01.png,场景/贵州科技馆_智慧城市_裸眼3d01.png,场景,贵州科技馆 智慧城市 裸眼3D01,场景/贵州科技馆_智慧城市_裸眼3d01.png
场景/贵州科技馆_智慧城市_裸眼3d02.png,场景/贵州科技馆_智慧城市_裸眼3d02.png,场景,贵州科技馆 智慧城市 裸眼3D02,场景/贵州科技馆_智慧城市_裸眼3d02.png
场景/贵州科技馆_智慧城市_裸眼3d03.png,场景/贵州科技馆_智慧城市_裸眼3d03.png,场景,贵州科技馆 智慧城市 裸眼3D03,场景/贵州科技馆_智慧城市_裸眼3d03.png
场景/贵州科技馆_智慧城市_裸眼3d04.png,场景/贵州科技馆_智慧城市_裸眼3d04.png,场景,贵州科技馆 智慧城市 裸眼3D04,场景/贵州科技馆_智慧城市_裸眼3d04.png
场景/黄梅戏_maya.jpg,场景/黄梅戏_maya.jpg,场景,黄梅戏 Maya,场景/黄梅戏_maya.jpg
场景/黄梅戏_全景.jpg,场景/黄梅戏_全景.jpg,场景,黄梅戏 全景,场景/黄梅戏_全景.jpg
场景/黄梅戏_实拍.jpg,场景/黄梅戏_实拍.jpg,场景,黄梅戏 实拍,场景/黄梅戏_实拍.jpg
学生时代作品/15.jpg,学生时代作品/15.jpg,学生时代作品,15,学生时代作品/15.jpg
学生时代作品/2018年_学校_暗黑领主作品01.jpg,学生时代作品/2018年_学校_暗黑领主作品01.jpg,学生时代作品,2018年 学校 暗黑领主作品01,学生时代作品/2018年_学校_暗黑领主作品01.jpg
学生时代作品/2018年_学校_暗黑领主作品02.jpg,学生时代作品/2018年_学校_暗黑领主作品02.jpg,学生时代作品,2018年 学校 暗黑领主作品02,学生时代作品/2018年_学校_暗黑领主作品02.jpg
学生时代作品/2018年_学校_暗黑领主作品03.gif,学生时代作品/2018年_学校_暗黑领主作品03.gif,学生时代作品,2018年 学校 暗黑领主作品03,学生时代作品/2018年_学校_暗黑领主作品03.gif
学生时代作品/cuibowei_head_test.png,学生时代作品/cuibowei_head_test.png,学生时代作品,Cuibowei Head Test,学生时代作品/cuibowei_head_test.png
学生时代作品/gui.jpg,学生时代作品/gui.jpg,学生时代作品,Gui,学生时代作品/gui.jpg
学生时代作品/guitou.jpg,学生时代作品/guitou.jpg,学生时代作品,Guitou,学生时代作品/guitou.jpg
学生时代作品/scifi狙击枪1.jpg,学生时代作品/scifi狙击枪1.jpg,学生时代作品,Scifi狙击枪1,学生时代作品/scifi狙击枪1.jpg
学生时代作品/scifi狙击枪2.jpg,学生时代作品/scifi狙击枪2.jpg,学生时代作品,Scifi狙击枪2,学生时代作品/scifi狙击枪2.jpg
学生时代作品/scifi狙击枪3.jpg,学生时代作品/scifi狙击枪3.jpg,学生时代作品,Scifi狙击枪3,学生时代作品/scifi狙击枪3.jpg
学生时代作品/scifi狙击枪4.jpg,学生时代作品/scifi狙击枪4.jpg,学生时代作品,Scifi狙击枪4,学生时代作品/scifi狙击枪4.jpg
学生时代作品/scifi狙击枪5.bmp,学生时代作品/scifi狙击枪5.bmp,学生时代作品,Scifi狙击枪5,学生时代作品/scifi狙击枪5.bmp
学生时代作品/女特工01.jpg,学生时代作品/女特工01.jpg,学生时代作品,女特工01,学生时代作品/女特工01.jpg
学生时代作品/女特工02.jpg,学生时代作品/女特工02.jpg,学生时代作品,女特工02,学生时代作品/女特工02.jpg
学生时代作品/女特工03.jpg,学生时代作品/女特工03.jpg,学生时代作品,女特工03,学生时代作品/女特工03.jpg
学生时代作品/完美世界初级次时代角色测试1.jpg,学生时代作品/完美世界初级次时代角色测试1.jpg,学生时代作品,完美世界初级次时代角色测试1,学生时代作品/完美世界初级次时代角色测试1.jpg
学生时代作品/完美世界初级次时代角色测试2.jpg,学生时代作品/完美世界初级次时代角色测试2.jpg,学生时代作品,完美世界初级次时代角色测试2,学生时代作品/完美世界初级次时代角色测试2.jpg
学生时代作品/完美世界初级次时代角色测试3.jpg,学生时代作品/完美世界初级次时代角色测试3.jpg,学生时代作品,完美世界初级次时代角色测试3,学生时代作品/完美世界初级次时代角色测试3.jpg
学生时代作品/完美世界初级次时代角色测试4.jpg,学生时代作品/完美世界初级次时代角色测试4.jpg,学生时代作品,完美世界初级次时代角色测试4,学生时代作品/完美世界初级次时代角色测试4.jpg
学生时代作品/完美世界初级次时代角色测试5.jpg,学生时代作品/完美世界初级次时代角色测试5.jpg,学生时代作品,完美世界初级次时代角色测试5,学生时代作品/完美世界初级次时代角色测试5.jpg
学生时代作品/完美世界初级次时代角色测试6.jpg,学生时代作品/完美世界初级次时代角色测试6.jpg,学生时代作品,完美世界初级次时代角色测试6,学生时代作品/完美世界初级次时代角色测试6.jpg
学生时代作品/完美世界初级次时代角色测试zhenmian.jpg,学生时代作品/完美世界初级次时代角色测试zhenmian.jpg,学生时代作品,完美世界初级次时代角色测试Zhenmian,学生时代作品/完美世界初级次时代角色测试zhenmian.jpg
学生时代作品/小李子_xyztexture_Xgen.jpg,学生时代作品/小李子_xyztexture_Xgen.jpg,学生时代作品,小李子 Xyztexture Xgen,学生时代作品/小李子_xyztexture_Xgen.jpg
学生时代作品/崔博伟_低模烘培_测试_截图.png,学生时代作品/崔博伟_低模烘培_测试_截图.png,学生时代作品,崔博伟 低模烘培 测试 截图,学生时代作品/崔博伟_低模烘培_测试_截图.png
学生时代作品/崔博伟_测试_截图.png,学生时代作品/崔博伟_测试_截图.png,学生时代作品,崔博伟 测试 截图,学生时代作品/崔博伟_测试_截图.png
学生时代作品/崔博伟_高模_测试_截图.jpg,学生时代作品/崔博伟_高模_测试_截图.jpg,学生时代作品,崔博伟 高模 测试 截图,学生时代作品/崔博伟_高模_测试_截图.jpg
学生时代作品/巴雷特01.jpg,学生时代作品/巴雷特01.jpg,学生时代作品,巴雷特01,学生时代作品/巴雷特01.jpg
学生时代作品/巴雷特02.jpg,学生时代作品/巴雷特02.jpg,学生时代作品,巴雷特02,学生时代作品/巴雷特02.jpg
学生时代作品/巴雷特03.jpg,学生时代作品/巴雷特03.jpg,学生时代作品,巴雷特03,学生时代作品/巴雷特03.jpg
学生时代作品/巴雷特04.jpg,学生时代作品/巴雷特04.jpg,学生时代作品,巴雷特04,学生时代作品/巴雷特04.jpg
学生时代作品/巴雷特05.jpg,学生时代作品/巴雷特05.jpg,学生时代作品,巴雷特05,学生时代作品/巴雷特05.jpg
学生时代作品/猪头.jpg,学生时代作品/猪头.jpg,学生时代作品,猪头,学生时代作品/猪头.jpg
生物/and_yangzie_screenshot.png,生物/and_yangzie_screenshot.png,生物,And Yangzie Screenshot,生物/and_yangzie_screenshot.png
生物/baihe01.jpg,生物/baihe01.jpg,生物,Baihe01,生物/baihe01.jpg
生物/Dingtalk_20230418184639.png,生物/Dingtalk_20230418184639.png,生物,Dingtalk 20230418184639,生物/Dingtalk_20230418184639.png
生物/Dingtalk_20230419092256.png,生物/Dingtalk_20230419092256.png,生物,Dingtalk 20230419092256,生物/Dingtalk_20230419092256.png
生物/Dingtalk_20230518172822.jpg,生物/Dingtalk_20230518172822.jpg,生物,Dingtalk 20230518172822,生物/Dingtalk_20230518172822.jpg
生物/Dingtalk_20230518172834.jpg,生物/Dingtalk_20230518172834.jpg,生物,Dingtalk 20230518172834,生物/Dingtalk_20230518172834.jpg
生物/Dingtalk_20230601165959.jpg,生物/Dingtalk_20230601165959.jpg,生物,Dingtalk 20230601165959,生物/Dingtalk_20230601165959.jpg
生物/Dingtalk_20230601170022.jpg,生物/Dingtalk_20230601170022.jpg,生物,Dingtalk 20230601170022,生物/Dingtalk_20230601170022.jpg
生物/Dingtalk_20231218160506.jpg,生物/Dingtalk_20231218160506.jpg,生物,Dingtalk 20231218160506,生物/Dingtalk_20231218160506.jpg
生物/Dingtalk_20231219103757.jpg,生物/Dingtalk_20231219103757.jpg,生物,Dingtalk 20231219103757,生物/Dingtalk_20231219103757.jpg
生物/Dingtalk_20240904102657.jpg,生物/Dingtalk_20240904102657.jpg,生物,Dingtalk 20240904102657,生物/Dingtalk_20240904102657.jpg
生物/maoguanlu.jpg,生物/maoguanlu.jpg,生物,Maoguanlu,生物/maoguanlu.jpg
生物/screenshot_2024-11-07_14-58-43.png,生物/screenshot_2024-11-07_14-58-43.png,生物,Screenshot 2024 11 07 14 58 43,生物/screenshot_2024-11-07_14-58-43.png
生物/Snipaste_2026-06-14_19-20-46.png,生物/Snipaste_2026-06-14_19-20-46.png,生物,Snipaste 2026 06 14 19 20 46,生物/Snipaste_2026-06-14_19-20-46.png
生物/Snipaste_2026-06-14_19-21-06.png,生物/Snipaste_2026-06-14_19-21-06.png,生物,Snipaste 2026 06 14 19 21 06,生物/Snipaste_2026-06-14_19-21-06.png
生物/tbrender_006.png,生物/tbrender_006.png,生物,Tbrender 006,生物/tbrender_006.png
生物/死亡蠕虫.png,生物/死亡蠕虫.png,生物,死亡蠕虫,生物/死亡蠕虫.png
生物/死亡蠕虫2.png,生物/死亡蠕虫2.png,生物,死亡蠕虫2,生物/死亡蠕虫2.png
生物/毛冠鹿_muzi.jpg,生物/毛冠鹿_muzi.jpg,生物,毛冠鹿 Muzi,生物/毛冠鹿_muzi.jpg
生物/白额雁.jpg,生物/白额雁.jpg,生物,白额雁,生物/白额雁.jpg
生物/竹叶青_Camera 1.png,生物/竹叶青_Camera 1.png,生物,竹叶青 Camera 1,生物/竹叶青_Camera 1.png
生物/细菌.png,生物/细菌.png,生物,细菌,生物/细菌.png
生物/美洲短吻鳄.png,生物/美洲短吻鳄.png,生物,美洲短吻鳄,生物/美洲短吻鳄.png
生物/胃溃疡.png,生物/胃溃疡.png,生物,胃溃疡,生物/胃溃疡.png
生物/螃蟹.jpg,生物/螃蟹.jpg,生物,螃蟹,生物/螃蟹.jpg
生物/鱼鹰解剖.png,生物/鱼鹰解剖.png,生物,鱼鹰解剖,生物/鱼鹰解剖.png
生物/鱼鹰解剖z.png,生物/鱼鹰解剖z.png,生物,鱼鹰解剖Z,生物/鱼鹰解剖z.png
生物/鱼鹰解剖z2.png,生物/鱼鹰解剖z2.png,生物,鱼鹰解剖Z2,生物/鱼鹰解剖z2.png
角色/2021年12月忍者练习.png,角色/2021年12月忍者练习.png,角色,2021年12月忍者练习,角色/2021年12月忍者练习.png
角色/c2d59d85b22841c580dbf350ce8de70f.png,角色/c2d59d85b22841c580dbf350ce8de70f.png,角色,C2D59D85B22841C580Dbf350Ce8De70F,角色/c2d59d85b22841c580dbf350ce8de70f.png
角色/da810acfc46d47f1958c6932e0af008d.png,角色/da810acfc46d47f1958c6932e0af008d.png,角色,Da810Acfc46D47F1958C6932E0Af008D,角色/da810acfc46d47f1958c6932e0af008d.png
角色/PXL_20231026_081625308.jpg,角色/PXL_20231026_081625308.jpg,角色,Pxl 20231026 081625308,角色/PXL_20231026_081625308.jpg
角色/screenshot_2026-05-21_09-46-18.png,角色/screenshot_2026-05-21_09-46-18.png,角色,Screenshot 2026 05 21 09 46 18,角色/screenshot_2026-05-21_09-46-18.png
角色/Untitled.png,角色/Untitled.png,角色,Untitled,角色/Untitled.png
角色/Untitled_004.png,角色/Untitled_004.png,角色,Untitled 004,角色/Untitled_004.png
角色/Untitled_Camera 1_004.png,角色/Untitled_Camera 1_004.png,角色,Untitled Camera 1 004,角色/Untitled_Camera 1_004.png
角色/Untitled_Camera 1_005.png,角色/Untitled_Camera 1_005.png,角色,Untitled Camera 1 005,角色/Untitled_Camera 1_005.png
角色/Untitled_Camera 2_005.png,角色/Untitled_Camera 2_005.png,角色,Untitled Camera 2 005,角色/Untitled_Camera 2_005.png
角色/xuxiaoke_Camera 1.png,角色/xuxiaoke_Camera 1.png,角色,Xuxiaoke Camera 1,角色/xuxiaoke_Camera 1.png
角色/xuxiaoke_Camera 2.png,角色/xuxiaoke_Camera 2.png,角色,Xuxiaoke Camera 2,角色/xuxiaoke_Camera 2.png
角色/xuxiaoke_Camerasp.jpg,角色/xuxiaoke_Camerasp.jpg,角色,Xuxiaoke Camerasp,角色/xuxiaoke_Camerasp.jpg
角色/包拯数字人.png,角色/包拯数字人.png,角色,包拯数字人,角色/包拯数字人.png
角色/包拯数字人2.png,角色/包拯数字人2.png,角色,包拯数字人2,角色/包拯数字人2.png
角色/包拯数字人4.png,角色/包拯数字人4.png,角色,包拯数字人4,角色/包拯数字人4.png
角色/包拯数字人5.png,角色/包拯数字人5.png,角色,包拯数字人5,角色/包拯数字人5.png
角色/包拯数字人6.png,角色/包拯数字人6.png,角色,包拯数字人6,角色/包拯数字人6.png
角色/好奇心apose正交.gif,角色/好奇心apose正交.gif,角色,好奇心Apose正交,角色/好奇心apose正交.gif
角色/崔博伟_2021年测试_杭州黑旗.jpg,角色/崔博伟_2021年测试_杭州黑旗.jpg,角色,崔博伟 2021年测试 杭州黑旗,角色/崔博伟_2021年测试_杭州黑旗.jpg
角色/崔博伟_艺锐_头发模型测试A.png,角色/崔博伟_艺锐_头发模型测试A.png,角色,崔博伟 艺锐 头发模型测试A,角色/崔博伟_艺锐_头发模型测试A.png
角色/崔博伟_艺锐_头发模型测试B.png,角色/崔博伟_艺锐_头发模型测试B.png,角色,崔博伟 艺锐 头发模型测试B,角色/崔博伟_艺锐_头发模型测试B.png
角色/流氓混混01.png,角色/流氓混混01.png,角色,流氓混混01,角色/流氓混混01.png
角色/流氓混混02.png,角色/流氓混混02.png,角色,流氓混混02,角色/流氓混混02.png
角色/逸哆哆ip_Camera 1_002.gif,角色/逸哆哆ip_Camera 1_002.gif,角色,逸哆哆Ip Camera 1 002,角色/逸哆哆ip_Camera 1_002.gif
角色/metahuman_数字人/Dingtalk_20240807111034.jpg,角色/metahuman_数字人/Dingtalk_20240807111034.jpg,角色/metahuman_数字人,Dingtalk 20240807111034,角色/metahuman_数字人/Dingtalk_20240807111034.jpg
角色/metahuman_数字人/kahaer.jpg,角色/metahuman_数字人/kahaer.jpg,角色/metahuman_数字人,Kahaer,角色/metahuman_数字人/kahaer.jpg
角色/metahuman_数字人/虚拟科学家_数字人.jpg,角色/metahuman_数字人/虚拟科学家_数字人.jpg,角色/metahuman_数字人,虚拟科学家 数字人,角色/metahuman_数字人/虚拟科学家_数字人.jpg
角色/metahuman_数字人/高尔基_数字人.jpg,角色/metahuman_数字人/高尔基_数字人.jpg,角色/metahuman_数字人,高尔基 数字人,角色/metahuman_数字人/高尔基_数字人.jpg
角色/卡通角色/8F61539B-C29F-4ad0-BA0B-508399F4886C.png,角色/卡通角色/8F61539B-C29F-4ad0-BA0B-508399F4886C.png,角色/卡通角色,8F61539B C29F 4Ad0 Ba0B 508399F4886C,角色/卡通角色/8F61539B-C29F-4ad0-BA0B-508399F4886C.png
角色/卡通角色/911743D0-60AB-40e0-A33D-E98B42621BFF.png,角色/卡通角色/911743D0-60AB-40e0-A33D-E98B42621BFF.png,角色/卡通角色,911743D0 60Ab 40E0 A33D E98B42621Bff,角色/卡通角色/911743D0-60AB-40e0-A33D-E98B42621BFF.png
角色/卡通角色/Desktop_013.png,角色/卡通角色/Desktop_013.png,角色/卡通角色,Desktop 013,角色/卡通角色/Desktop_013.png
角色/卡通角色/Desktop_FullQuality.png,角色/卡通角色/Desktop_FullQuality.png,角色/卡通角色,Desktop Fullquality,角色/卡通角色/Desktop_FullQuality.png
角色/卡通角色/Dingtalk_20240813113122.jpg,角色/卡通角色/Dingtalk_20240813113122.jpg,角色/卡通角色,Dingtalk 20240813113122,角色/卡通角色/Dingtalk_20240813113122.jpg
角色/卡通角色/lQLPJv9o3ym-VBrNAw7NA0GwKATOaMzEGJcEiKFb2gChAA_833_782.png,角色/卡通角色/lQLPJv9o3ym-VBrNAw7NA0GwKATOaMzEGJcEiKFb2gChAA_833_782.png,角色/卡通角色,Lqlpjv9O3Ym Vbrnaw7Na0Gwkatoamzegjceikfb2Gchaa 833 782,角色/卡通角色/lQLPJv9o3ym-VBrNAw7NA0GwKATOaMzEGJcEiKFb2gChAA_833_782.png
角色/卡通角色/lQLPJwhmzash5ZrNCADNCACwb2NMN71gCFQErfRhdUAGAA_2048_2048.png,角色/卡通角色/lQLPJwhmzash5ZrNCADNCACwb2NMN71gCFQErfRhdUAGAA_2048_2048.png,角色/卡通角色,Lqlpjwhmzash5Zrncadncacwb2Nmn71Gcfqerfrhduagaa 2048 2048,角色/卡通角色/lQLPJwhmzash5ZrNCADNCACwb2NMN71gCFQErfRhdUAGAA_2048_2048.png
角色/卡通角色/lQLPJxt54T94FBrNAxzNA0Swvz1lIa_v3oYEiKFb2oCjAA_836_796.png,角色/卡通角色/lQLPJxt54T94FBrNAxzNA0Swvz1lIa_v3oYEiKFb2oCjAA_836_796.png,角色/卡通角色,Lqlpjxt54T94Fbrnaxzna0Swvz1Lia V3Oyeikfb2Ocjaa 836 796,角色/卡通角色/lQLPJxt54T94FBrNAxzNA0Swvz1lIa_v3oYEiKFb2oCjAA_836_796.png
角色/卡通角色/lQLPJxzKZJtAlFrNA6zNB1KwTtasCaYNMW0ErfRgWACjAQ_1874_940.png,角色/卡通角色/lQLPJxzKZJtAlFrNA6zNB1KwTtasCaYNMW0ErfRgWACjAQ_1874_940.png,角色/卡通角色,Lqlpjxzkzjtalfrna6Znb1Kwttascaynmw0Erfrgwacjaq 1874 940,角色/卡通角色/lQLPJxzKZJtAlFrNA6zNB1KwTtasCaYNMW0ErfRgWACjAQ_1874_940.png
角色/卡通角色/lQLPJyJ5laLklFrNCADNCACw5-SY9qc0CpcErfRgWACjAA_2048_2048.png,角色/卡通角色/lQLPJyJ5laLklFrNCADNCACw5-SY9qc0CpcErfRgWACjAA_2048_2048.png,角色/卡通角色,Lqlpjyj5Lalklfrncadncacw5 Sy9Qc0Cpcerfrgwacjaa 2048 2048,角色/卡通角色/lQLPJyJ5laLklFrNCADNCACw5-SY9qc0CpcErfRgWACjAA_2048_2048.png
角色/卡通角色/pony_apose_color02_Camera 4_001.png,角色/卡通角色/pony_apose_color02_Camera 4_001.png,角色/卡通角色,Pony Apose Color02 Camera 4 001,角色/卡通角色/pony_apose_color02_Camera 4_001.png
角色/卡通角色/pony_apose_color02_Camera 5_001.png,角色/卡通角色/pony_apose_color02_Camera 5_001.png,角色/卡通角色,Pony Apose Color02 Camera 5 001,角色/卡通角色/pony_apose_color02_Camera 5_001.png
角色/卡通角色/pony_apose_color02_Camera 6_001.png,角色/卡通角色/pony_apose_color02_Camera 6_001.png,角色/卡通角色,Pony Apose Color02 Camera 6 001,角色/卡通角色/pony_apose_color02_Camera 6_001.png
角色/卡通角色/PXL_20231026_073134380.jpg,角色/卡通角色/PXL_20231026_073134380.jpg,角色/卡通角色,Pxl 20231026 073134380,角色/卡通角色/PXL_20231026_073134380.jpg
角色/卡通角色/Untitled_002.png,角色/卡通角色/Untitled_002.png,角色/卡通角色,Untitled 002,角色/卡通角色/Untitled_002.png
角色/卡通角色/yjhlq_pony_color02_Camera 1.png,角色/卡通角色/yjhlq_pony_color02_Camera 1.png,角色/卡通角色,Yjhlq Pony Color02 Camera 1,角色/卡通角色/yjhlq_pony_color02_Camera 1.png
角色/卡通角色/yjhlq_pony_color02_Camera 2.png,角色/卡通角色/yjhlq_pony_color02_Camera 2.png,角色/卡通角色,Yjhlq Pony Color02 Camera 2,角色/卡通角色/yjhlq_pony_color02_Camera 2.png
角色/卡通角色/yjhlq_pony_color02_Camera 3.png,角色/卡通角色/yjhlq_pony_color02_Camera 3.png,角色/卡通角色,Yjhlq Pony Color02 Camera 3,角色/卡通角色/yjhlq_pony_color02_Camera 3.png
角色/卡通角色/好奇心11.png,角色/卡通角色/好奇心11.png,角色/卡通角色,好奇心11,角色/卡通角色/好奇心11.png
角色/卡通角色/好奇心_478.png,角色/卡通角色/好奇心_478.png,角色/卡通角色,好奇心 478,角色/卡通角色/好奇心_478.png
角色/卡通角色/航空安全模拟_角色_小女孩.png,角色/卡通角色/航空安全模拟_角色_小女孩.png,角色/卡通角色,航空安全模拟 角色 小女孩,角色/卡通角色/航空安全模拟_角色_小女孩.png
角色/卡通角色/航空安全模拟_角色_机长.png,角色/卡通角色/航空安全模拟_角色_机长.png,角色/卡通角色,航空安全模拟 角色 机长,角色/卡通角色/航空安全模拟_角色_机长.png
角色/卡通角色/航空安全模拟_角色_母亲.png,角色/卡通角色/航空安全模拟_角色_母亲.png,角色/卡通角色,航空安全模拟 角色 母亲,角色/卡通角色/航空安全模拟_角色_母亲.png
角色/卡通角色/航空安全模拟_角色_母亲02.png,角色/卡通角色/航空安全模拟_角色_母亲02.png,角色/卡通角色,航空安全模拟 角色 母亲02,角色/卡通角色/航空安全模拟_角色_母亲02.png
角色/卡通角色/航空安全模拟_角色_空姐.png,角色/卡通角色/航空安全模拟_角色_空姐.png,角色/卡通角色,航空安全模拟 角色 空姐,角色/卡通角色/航空安全模拟_角色_空姐.png
角色/卡通角色/逸哆哆ip计02.png,角色/卡通角色/逸哆哆ip计02.png,角色/卡通角色,逸哆哆Ip计02,角色/卡通角色/逸哆哆ip计02.png
角色/服装/1212123.png,角色/服装/1212123.png,角色/服装,1212123,角色/服装/1212123.png
角色/服装/chaofu_Camera 1.png,角色/服装/chaofu_Camera 1.png,角色/服装,Chaofu Camera 1,角色/服装/chaofu_Camera 1.png
角色/服装/FDC363A4-0B3C-4686-B86F-08FA94B59211.png,角色/服装/FDC363A4-0B3C-4686-B86F-08FA94B59211.png,角色/服装,Fdc363A4 0B3C 4686 B86F 08Fa94B59211,角色/服装/FDC363A4-0B3C-4686-B86F-08FA94B59211.png
角色/服装/gongfu_001.png,角色/服装/gongfu_001.png,角色/服装,Gongfu 001,角色/服装/gongfu_001.png
角色/服装/gongfu_Camera 1.png,角色/服装/gongfu_Camera 1.png,角色/服装,Gongfu Camera 1,角色/服装/gongfu_Camera 1.png
角色/服装/jifu_Camera 1.png,角色/服装/jifu_Camera 1.png,角色/服装,Jifu Camera 1,角色/服装/jifu_Camera 1.png
角色/服装/mcqy.png,角色/服装/mcqy.png,角色/服装,Mcqy,角色/服装/mcqy.png
角色/服装/mcqy_Camera 1.png,角色/服装/mcqy_Camera 1.png,角色/服装,Mcqy Camera 1,角色/服装/mcqy_Camera 1.png
角色/服装/图片2.png,角色/服装/图片2.png,角色/服装,图片2,角色/服装/图片2.png
角色/服装/文武官员 朝服.png,角色/服装/文武官员 朝服.png,角色/服装,文武官员 朝服,角色/服装/文武官员 朝服.png
道具/20250618-152606.jpg,道具/20250618-152606.jpg,道具,20250618 152606,道具/20250618-152606.jpg
道具/20250618-152610.jpg,道具/20250618-152610.jpg,道具,20250618 152610,道具/20250618-152610.jpg
道具/afc329c17389413396f8d9fe9f4935c1.png,道具/afc329c17389413396f8d9fe9f4935c1.png,道具,Afc329C17389413396F8D9Fe9F4935C1,道具/afc329c17389413396f8d9fe9f4935c1.png
道具/aj_tg_Camera 1.png,道具/aj_tg_Camera 1.png,道具,Aj Tg Camera 1,道具/aj_tg_Camera 1.png
道具/aj_tg_Camera 1_006.png,道具/aj_tg_Camera 1_006.png,道具,Aj Tg Camera 1 006,道具/aj_tg_Camera 1_006.png
道具/aj_tg_Main Camera.png,道具/aj_tg_Main Camera.png,道具,Aj Tg Main Camera,道具/aj_tg_Main Camera.png
道具/Dingtalk_20230919091406.jpg,道具/Dingtalk_20230919091406.jpg,道具,Dingtalk 20230919091406,道具/Dingtalk_20230919091406.jpg
道具/Dingtalk_20230927164243.jpg,道具/Dingtalk_20230927164243.jpg,道具,Dingtalk 20230927164243,道具/Dingtalk_20230927164243.jpg
道具/Dingtalk_20230927164554.jpg,道具/Dingtalk_20230927164554.jpg,道具,Dingtalk 20230927164554,道具/Dingtalk_20230927164554.jpg
道具/tg_Camera 1_002a.gif,道具/tg_Camera 1_002a.gif,道具,Tg Camera 1 002A,道具/tg_Camera 1_002a.gif
道具/测绘航母01.png,道具/测绘航母01.png,道具,测绘航母01,道具/测绘航母01.png
道具/测绘航母02.png,道具/测绘航母02.png,道具,测绘航母02,道具/测绘航母02.png
道具/测绘航母03.png,道具/测绘航母03.png,道具,测绘航母03,道具/测绘航母03.png
道具/测绘航母04.gif,道具/测绘航母04.gif,道具,测绘航母04,道具/测绘航母04.gif
道具/瓮城光影秀_箭矢.png,道具/瓮城光影秀_箭矢.png,道具,瓮城光影秀 箭矢,道具/瓮城光影秀_箭矢.png
道具/行星环境模拟装置_Camera 1.gif,道具/行星环境模拟装置_Camera 1.gif,道具,行星环境模拟装置 Camera 1,道具/行星环境模拟装置_Camera 1.gif
道具/文物/Dingtalk_20230425105216.jpg,道具/文物/Dingtalk_20230425105216.jpg,道具/文物,Dingtalk 20230425105216,道具/文物/Dingtalk_20230425105216.jpg
道具/文物/Dingtalk_20240419110951.jpg,道具/文物/Dingtalk_20240419110951.jpg,道具/文物,Dingtalk 20240419110951,道具/文物/Dingtalk_20240419110951.jpg
道具/文物/Dingtalk_20240423144214.jpg,道具/文物/Dingtalk_20240423144214.jpg,道具/文物,Dingtalk 20240423144214,道具/文物/Dingtalk_20240423144214.jpg
道具/文物/Dingtalk_20240624143030.jpg,道具/文物/Dingtalk_20240624143030.jpg,道具/文物,Dingtalk 20240624143030,道具/文物/Dingtalk_20240624143030.jpg
道具/文物/Dingtalk_20240704145558.jpg,道具/文物/Dingtalk_20240704145558.jpg,道具/文物,Dingtalk 20240704145558,道具/文物/Dingtalk_20240704145558.jpg
道具/文物/Dingtalk_20240704145614.jpg,道具/文物/Dingtalk_20240704145614.jpg,道具/文物,Dingtalk 20240704145614,道具/文物/Dingtalk_20240704145614.jpg
道具/文物/Dingtalk_20240717091657.jpg,道具/文物/Dingtalk_20240717091657.jpg,道具/文物,Dingtalk 20240717091657,道具/文物/Dingtalk_20240717091657.jpg
道具/文物/Dingtalk_20240902143533.jpg,道具/文物/Dingtalk_20240902143533.jpg,道具/文物,Dingtalk 20240902143533,道具/文物/Dingtalk_20240902143533.jpg
道具/文物/screenshot_2024-10-15_10-20-57.png,道具/文物/screenshot_2024-10-15_10-20-57.png,道具/文物,Screenshot 2024 10 15 10 20 57,道具/文物/screenshot_2024-10-15_10-20-57.png
道具/文物/screenshot_2024-10-16_11-34-53.png,道具/文物/screenshot_2024-10-16_11-34-53.png,道具/文物,Screenshot 2024 10 16 11 34 53,道具/文物/screenshot_2024-10-16_11-34-53.png
道具/文物/screenshot_2024-11-07_15-32-14.png,道具/文物/screenshot_2024-11-07_15-32-14.png,道具/文物,Screenshot 2024 11 07 15 32 14,道具/文物/screenshot_2024-11-07_15-32-14.png
道具/文物/shoujingp.jpg,道具/文物/shoujingp.jpg,道具/文物,Shoujingp,道具/文物/shoujingp.jpg
道具/文物/二十届深圳文博会_玉人01.jpg,道具/文物/二十届深圳文博会_玉人01.jpg,道具/文物,二十届深圳文博会 玉人01,道具/文物/二十届深圳文博会_玉人01.jpg
道具/文物/二十届深圳文博会_玉人02.jpg,道具/文物/二十届深圳文博会_玉人02.jpg,道具/文物,二十届深圳文博会 玉人02,道具/文物/二十届深圳文博会_玉人02.jpg
道具/文物/玉龙.jpg,道具/文物/玉龙.jpg,道具/文物,玉龙,道具/文物/玉龙.jpg
道具/文物/铜壶.jpg,道具/文物/铜壶.jpg,道具/文物,铜壶,道具/文物/铜壶.jpg
道具/文物/青花冰梅凤尾尊.png,道具/文物/青花冰梅凤尾尊.png,道具/文物,青花冰梅凤尾尊,道具/文物/青花冰梅凤尾尊.png
道具/硬表面/4B110ABE-4642-4522-8819-6FC7363A5D96.png,道具/硬表面/4B110ABE-4642-4522-8819-6FC7363A5D96.png,道具/硬表面,4B110Abe 4642 4522 8819 6Fc7363A5D96,道具/硬表面/4B110ABE-4642-4522-8819-6FC7363A5D96.png
道具/硬表面/Desktop_008.png,道具/硬表面/Desktop_008.png,道具/硬表面,Desktop 008,道具/硬表面/Desktop_008.png
道具/硬表面/Dingtalk_20240529145409.jpg,道具/硬表面/Dingtalk_20240529145409.jpg,道具/硬表面,Dingtalk 20240529145409,道具/硬表面/Dingtalk_20240529145409.jpg
道具/硬表面/Dingtalk_20240604161548.jpg,道具/硬表面/Dingtalk_20240604161548.jpg,道具/硬表面,Dingtalk 20240604161548,道具/硬表面/Dingtalk_20240604161548.jpg
道具/硬表面/Dingtalk_20240607143829.jpg,道具/硬表面/Dingtalk_20240607143829.jpg,道具/硬表面,Dingtalk 20240607143829,道具/硬表面/Dingtalk_20240607143829.jpg
道具/硬表面/lQLPJxQWIYoBiKzNBIbNAwOwYEuGpJV6-_AFGk0wyQCzAA_771_1158.png,道具/硬表面/lQLPJxQWIYoBiKzNBIbNAwOwYEuGpJV6-_AFGk0wyQCzAA_771_1158.png,道具/硬表面,Lqlpjxqwiyobikznbibnawowyeugpjv6  Afgk0Wyqczaa 771 1158,道具/硬表面/lQLPJxQWIYoBiKzNBIbNAwOwYEuGpJV6-_AFGk0wyQCzAA_771_1158.png
道具/硬表面/lQLPJxrWK8MUSKzNBI_NAm6wnp9ycbgU01cFGk0wyQCzAQ_622_1167.png,道具/硬表面/lQLPJxrWK8MUSKzNBI_NAm6wnp9ycbgU01cFGk0wyQCzAQ_622_1167.png,道具/硬表面,Lqlpjxrwk8Muskznbi Nam6Wnp9Ycbgu01Cfgk0Wyqczaq 622 1167,道具/硬表面/lQLPJxrWK8MUSKzNBI_NAm6wnp9ycbgU01cFGk0wyQCzAQ_622_1167.png
道具/硬表面/maya预览.jpg,道具/硬表面/maya预览.jpg,道具/硬表面,Maya预览,道具/硬表面/maya预览.jpg
道具/硬表面/tbrender_Camera 1_001.png,道具/硬表面/tbrender_Camera 1_001.png,道具/硬表面,Tbrender Camera 1 001,道具/硬表面/tbrender_Camera 1_001.png
道具/硬表面/tbrender_Camera 1_002.png,道具/硬表面/tbrender_Camera 1_002.png,道具/硬表面,Tbrender Camera 1 002,道具/硬表面/tbrender_Camera 1_002.png
道具/硬表面/tbrender_Camera 1_003.png,道具/硬表面/tbrender_Camera 1_003.png,道具/硬表面,Tbrender Camera 1 003,道具/硬表面/tbrender_Camera 1_003.png
道具/硬表面/文鳐auv.jpg,道具/硬表面/文鳐auv.jpg,道具/硬表面,文鳐Auv,道具/硬表面/文鳐auv.jpg
道具/硬表面/文鳐auv02.jpg,道具/硬表面/文鳐auv02.jpg,道具/硬表面,文鳐Auv02,道具/硬表面/文鳐auv02.jpg
道具/硬表面/机器脑.png,道具/硬表面/机器脑.png,道具/硬表面,机器脑,道具/硬表面/机器脑.png
道具/食物/Dingtalk_20230328101542.jpg,道具/食物/Dingtalk_20230328101542.jpg,道具/食物,Dingtalk 20230328101542,道具/食物/Dingtalk_20230328101542.jpg
道具/食物/jizhua.jpg,道具/食物/jizhua.jpg,道具/食物,Jizhua,道具/食物/jizhua.jpg
道具/食物/jizhua02.jpg,道具/食物/jizhua02.jpg,道具/食物,Jizhua02,道具/食物/jizhua02.jpg
道具/食物/zhjuti.jpg,道具/食物/zhjuti.jpg,道具/食物,Zhjuti,道具/食物/zhjuti.jpg
道具/食物/zhuweicigu.jpg,道具/食物/zhuweicigu.jpg,道具/食物,Zhuweicigu,道具/食物/zhuweicigu.jpg
道具/食物/图片12.png,道具/食物/图片12.png,道具/食物,图片12,道具/食物/图片12.png
道具/食物/图片343.png,道具/食物/图片343.png,道具/食物,图片343,道具/食物/图片343.png
道具/食物/猪上排.jpg,道具/食物/猪上排.jpg,道具/食物,猪上排,道具/食物/猪上排.jpg
道具/食物/花菇.jpg,道具/食物/花菇.jpg,道具/食物,花菇,道具/食物/花菇.jpg
